<?xml version="1.0" encoding="UTF-8"?>
<project-private xmlns="http://www.netbeans.org/ns/project-private/1">
    <editor-bookmarks xmlns="http://www.netbeans.org/ns/editor-bookmarks/2" lastBookmarkId="0"/>
    <open-files xmlns="http://www.netbeans.org/ns/projectui-open-files/2">
        <group>
            <file>file:/C:/xampp/htdocs/GRXDev/reservar_habitacion.php</file>
            <file>file:/C:/xampp/htdocs/GRXDev/script_reservar_alojamiento.php</file>
            <file>file:/C:/xampp/htdocs/GRXDev/reservar_alojamiento.php</file>
            <file>file:/C:/xampp/htdocs/GRXDev/script_pediralo.php</file>
            <file>file:/C:/xampp/htdocs/GRXDev/script_consultalojamiento.php</file>
            <file>file:/C:/xampp/htdocs/GRXDev/script_bajaalojamiento.php</file>
            <file>file:/C:/xampp/htdocs/GRXDev/script_dar_priv_adm.php</file>
            <file>file:/C:/xampp/htdocs/GRXDev/content.php</file>
            <file>file:/C:/xampp/htdocs/GRXDev/script_reservar_habitacion.php</file>
            <file>file:/C:/xampp/htdocs/GRXDev/index.php</file>
            <file>file:/C:/xampp/htdocs/GRXDev/gestion_habitaciones.php</file>
            <file>file:/C:/xampp/htdocs/GRXDev/alojamiento.php</file>
        </group>
    </open-files>
</project-private>
